{
  "project_info": {
    "project_number": "598483126953",
    "firebase_url": "https://travelmantics-1c10c.firebaseio.com",
    "project_id": "travelmantics-1c10c",
    "storage_bucket": "travelmantics-1c10c.appspot.com"
  },
  "client": [
    {
      "client_info": {
        "mobilesdk_app_id": "1:598483126953:android:a6527de5779c6015",
        "android_client_info": {
          "package_name": "com.r.travelmantics"
        }
      },
      "oauth_client": [
        {
          "client_id": "598483126953-uef12elp4gc407muh95qo4nlp1dvco6f.apps.googleusercontent.com",
          "client_type": 1,
          "android_info": {
            "package_name": "com.r.travelmantics",
            "certificate_hash": "306aafe1f601993f44d4abf8903660e29c4affb3"
          }
        },
        {
          "client_id": "598483126953-nd4lgft5to9f7h3ep6o2tev2sp8699lv.apps.googleusercontent.com",
          "client_type": 3
        }
      ],
      "api_key": [
        {
          "current_key": "AIzaSyBB2PQeeXuMpqFKmt0HUI-kVuyMVmQHA9Y"
        }
      ],
      "services": {
        "appinvite_service": {
          "other_platform_oauth_client": [
            {
              "client_id": "598483126953-nd4lgft5to9f7h3ep6o2tev2sp8699lv.apps.googleusercontent.com",
              "client_type": 3
            }
          ]
        }
      }
    }
  ],
  "configuration_version": "1"
}